cust_id,cust_name
95022,Thomas Thomas
96635,Renee Brooks
96201,Shannon Perez
95788,Gloria Williams
96296,Craig Lopez
97999,Steven Fisher
95028,Michael Chapman MD
96727,Norma Branch
96590,Sonya Gonzales
95589,Katrina Montoya
95585,Larry Moore
96223,Steven Valdez
95967,Aaron Castro
96501,Mary Byrd
97616,Barbara Walters
97922,Mrs. Lauren Jones
96688,Roger Roberts
95659,Tracy Hall
97869,Daniel Chandler
96054,Christina Pitts
95209,Mr. John Castillo
96771,Jessica Russo
97433,Patty Wilson
95649,Katie Hall
95022,Gerald Johnson
95973,David Lopez
95289,Angela Gentry
95789,Kenneth Parker
96131,Kari Osborn
96348,Karen Castro
95456,Brandy Watson
97135,Jesus Miller
96306,Vicki Evans
96644,Tracy Hinton
96738,Janet Meyer
95895,Casey Carpenter
96996,Courtney White
95402,Lisa Avila
95203,Angel Nelson
97773,Sarah Crawford
96546,Yvonne Rangel
97874,Brittany Hernandez
95437,Adam Park
96879,Austin Garcia
97629,Brian Suarez
96459,Steven Mccullough
95760,Tyler Lynch
97542,John Andrews
96653,Emily Mann
95049,Todd Reynolds
95548,Wyatt Rodriguez
97251,Stephanie Sanders
96108,Travis Oneal
95671,Dustin Boyer
97907,Eric Scott
96536,Robin Lopez
96846,Mark Gardner
96164,Noah Powell
95687,Brandy Berry
95658,Julie Pennington
95735,Erica Martinez
95433,Lori Davis
96893,Bethany Gordon
96539,Lisa Wright
95184,Mitchell Gonzalez
96629,Patricia Williams
96260,Jordan Bass
97112,Adam Cobb
97400,Tammy Diaz
97794,Mark Williams
97654,Stephanie Burns
95023,Philip Bell
95296,Amy Nichols
96601,James Archer
97412,Katie Lewis
97654,Michael Matthews
97256,Sarah Jackson
95749,Lori Pierce
96020,Glen Allen
97406,Jessica Miller
97116,Casey Jones
95568,Ashley Morton
97607,Robin Holt
96918,Marcus Lewis
95346,Ryan Gonzalez
96078,James Watts
95153,Lisa Chavez
95054,Sandra Watson
95685,Charles Gardner
95229,Margaret Glover
97670,Mrs. Kaitlyn Johnson DVM
95161,John Ray
95338,Patrick Kelly Jr.
96401,Kim Ward
95540,Mariah Adams
96276,Scott Carroll
97684,William Collins
96446,Patricia Roberts
96319,Kevin Cook
95730,Kevin Thompson
95936,Laura Prince
96152,Christopher Morrison
95511,Jerome Underwood
95714,Diamond Stanley
97559,Allen Matthews
96645,Kaitlyn Gordon
97170,Daniel Daniels
95104,Melissa Murphy
97803,Katherine Lindsey
96569,Lauren Lam
96507,Rodney Wright
95791,Ryan Mccarthy
97368,Tracy Jones
96723,Deborah Miller
95512,Dennis Thompson
95203,Timothy Reyes
95694,Scott Friedman
96267,Sarah Grant
97116,Carmen Phillips
97135,Ashley Morrison
97601,Karen Cortez
96375,Richard Payne
96176,Michael Curtis
95287,Garrett Keller
96362,Clayton Ray
97753,Veronica Gonzalez
95257,Dylan Cook
96575,Edwin Luna
97821,Susan Frank
96102,Mark Perez
97423,Ashley Hobbs
95239,Christina Fox
95118,Sarah Stafford
96098,Jason English
96016,Don Miller
96651,Kimberly Smith
95726,Gabriel Day
97139,Stephen Chaney
96806,Samantha Hensley
97690,Lisa Daniel
95432,Eric Weber
97155,Deanna Marshall
97213,Curtis Brown
96975,Maria Sanchez
95322,Marc Harris
97758,Adam Myers
95556,James Garcia
96033,Dylan Murphy
96983,Michael Baker
95103,Jeffrey Palmer
96986,Joshua Cantu
96239,Russell Thomas
97129,Tracy Hoffman
96648,Alyssa Baird
95256,Daniel Collins
96457,Patricia Bailey
95345,Dean Thomas
96969,Gina Cobb
96541,Katherine Bailey
97815,Kelly Perkins
96428,Lee Gonzalez
97834,Jason Lewis
97693,Jessica Watson
97122,Russell Rogers
96413,Tyler Taylor
96603,James Price
97135,Annette Freeman
95755,Misty Garrett
96807,Dean Hurley
97076,Laura Allen
97288,Marc Webb
96993,Kelly Yoder
97689,Mrs. Teresa Russo
97030,Katie Jones
96576,Christina Bishop
97498,Raymond Velez
97705,Austin Chavez
96865,William Bartlett
97443,Joshua Wilson
96008,Charles Taylor
96547,Juan Phillips
96624,Jessica Raymond
96320,Patricia Gomez
97118,Ashley Gallagher
95927,Sarah Barton
96435,Christian Rhodes
96061,Dustin Henderson
97696,Tammy Keller
95331,Matthew Lucas
96960,Bridget Burns DDS
96495,Austin Meza
95996,Jesse Hall
97593,Andrew Waters
96311,Carlos Matthews
96819,Amy Griffin
97533,Edward Brown
95683,Amanda Russell
95999,Donald Rojas
96932,Dawn Smith
95441,Paul Mack
95511,Thomas Gutierrez
95504,John Smith
96297,Christopher Hogan
96283,Eduardo Long
95363,Jordan Ward
96911,Lisa Martin
95212,Tracy Ochoa
97091,Timothy Williams
97463,Janice Garza
95896,Kelly Ramirez
97233,Cassidy Carpenter
97439,Michael Moore
96341,Jessica Bender
97241,Michael Johns
95835,Jeremy Haley
96666,Luis Wiggins
96238,Richard Williams
95984,Darren Barker
95435,Daniel Scott
96236,Denise Williams
96123,Rachael Landry MD
95031,Jacob Ortiz
97683,Jonathan Gray
95213,Nicole Smith
96213,Angela Fitzgerald
95516,Nathan Douglas
95832,Wendy Walsh
96621,Crystal Russell DDS
96523,Austin Gates
96362,Carolyn Martin
95199,Randall Singh
96253,Wendy Reed
95102,Destiny Conner
97930,Natalie Pittman
96087,Crystal Rogers
95684,Tiffany Myers
97514,Alexandra Robbins
97798,Ronald Carey
95704,Lauren Proctor
95862,Allen Perez
96246,Tammy Evans
96644,Dustin Farmer
97731,Crystal Wagner
97503,Amanda Rodriguez
95547,Pamela Reed
96397,Melanie Mccoy
95718,Joshua Contreras
95595,Tamara Campbell
96283,Debbie Carter
97770,Michael Johnson
96380,Sandra Hill
97393,Charles Cowan
95931,David Carter
97350,Melissa Arnold
96424,Madison Duran
96739,James Johnson
96593,Kimberly Davis
96469,Thomas Roberson
95948,Scott Henson
96771,Daniel Singleton
96101,Laura Wheeler
97848,Kelly Willis
96386,Heather Lane
95475,Roy Johnson
96657,Richard Rivera
95350,Theresa Davis
97084,Wayne Hopkins
96048,Dwayne Hall
96195,Michael Carroll
96744,Jose Rivera
95000,Carl Henderson
95408,Daniel Taylor
95420,Melissa Tucker
97154,William Juarez
96782,Haley Richmond
95954,Jasmine Cole
95346,Patricia Mann
96941,John Johnson
95394,Kathryn Potter
95917,Tracey Smith
97128,Brittany Simon
96833,Angela Hernandez
95795,Michael Griffin
97943,Michele Stephenson
95623,Christopher Rogers
96985,Brandon Avery
96507,Lisa Morgan
97815,Tina Brown
96448,Diana Stevens
96212,Jose Graham
96625,Paul Smith
97062,Jason Meyer
95234,Robert Perry
97465,Jessica Webb
95255,Juan Valdez
96409,Jacqueline Castillo
95775,William Daniels
97913,Deborah Chandler
96057,Laura Johnson
97686,Jessica Castro
96455,Michelle Clarke
95335,Eric Rodriguez
97012,Bonnie Brown
95734,Dylan Martin
96927,Denise King
96915,Michael Smith
97119,Kelly Good
95593,Stephanie May
96993,Erika Holt
96269,Maria King
95526,Andrew Romero
95708,Joshua Wilcox
96409,Benjamin Jimenez
95736,Lawrence Martinez
97680,Scott Wood
97165,Jamie Conner
96341,Dr. Russell Collins
97487,Jaime Harmon
95374,John Watson
97797,Debra Perez
97844,Paul Cox
95639,Brett Cooper
96827,Clayton Schultz
97811,Jim Fisher
96015,Victoria Walker
96241,Robert Ryan
96865,Anthony Morris
95427,Luis Cunningham
96701,Mackenzie Mcclain
96970,Matthew Molina
95154,Amy Pugh
96892,Barbara Villanueva
97222,Joshua Walker
95421,Sandra Mccarthy
96792,Jennifer Sanford
95064,Lisa Newton
95651,Savannah Smith
95800,Jose Hopkins
95662,Larry Perez MD
97687,Justin Thomas
96256,David Hamilton
97437,Derek Parker
96811,Pamela Smith
97549,John Burch
95743,Katherine Williams
96897,Traci Edwards
96229,Jason Jones
97231,Allison Soto
97054,Dana Baird
97734,Gina Hernandez
96678,John Reed
97448,Robert Baldwin
95594,Megan Rice
96924,Mary Fox
97219,Kevin Dyer
97666,Judy Jones
97823,Jesse Brennan
97439,Victor Wilson
97538,Anita Holloway
97515,Felicia Gilbert
95368,Brandon Payne
95060,Martha Dixon
96688,Mark Owens
97664,Jeffrey Brown
97125,Karen Collier
96014,Debra Park
95918,Cynthia Ryan
96046,Brittany Lewis
95356,David Castro
97983,Brendan Vasquez
97991,Jamie Curtis
97003,Jason Morris
95973,Catherine Copeland
97262,Jon Novak
95778,Bryan Nguyen
96672,John Bell
97065,Geoffrey Rodriguez
97269,Brandy Downs
95613,Charles Henderson
97745,Richard Thomas
96456,Lauren Richards
97385,Alexandra Carr
96225,Kimberly Wall
96652,Audrey Mcknight DDS
97872,Michael Allison
95391,Meredith Bernard
95136,Katie Zimmerman
96139,John Cox
95072,Jason Baldwin
95970,Christine Watson
96382,Sandra Carter
97979,Sarah Pierce
97220,Chelsea Sims
97129,Krystal Walker
96006,Andrea Walter
96874,Karen Palmer
97065,Matthew Lambert
95549,Robert Pope
95894,Lauren Moss
96535,Kristopher Rodriguez
97189,Timothy Wilkinson MD
96837,David Lewis
96680,Rebecca Barber
95403,Teresa Small
97407,Justin Scott
96612,Michelle Montoya
95906,Patrick Williams
97062,Angela Pacheco
97471,Joseph Ramirez
97267,Joseph Potter
96168,Chelsey Jones
95201,Karen Hanson
95809,Douglas Richardson
97852,Judy Zuniga
95748,Reginald Smith
97979,Ruth Miller
96726,Holly Garcia
95276,Jamie Snow
95125,Alyssa Thomas
97694,Cheryl Ritter
96682,Renee Vincent
96633,Jade Shaffer
95146,Richard Hernandez
96913,Jacob Griffin
97375,Joseph Moore
96914,Alexis King
95555,Tamara Dixon
95431,Deanna Edwards
96567,Juan Smith
97473,Anna Park
96229,Cheryl Clay
95231,Danny Rodriguez
95225,Robert Stevenson
96858,Logan Fuentes
96634,Dawn Strickland
97983,Patrick Salinas
96193,Mary Caldwell
97034,Emily Moore
95151,Tonya Wilson
96080,Nicholas Spears
97231,Samantha Payne
96792,Crystal Branch
96814,Patty Nichols
97091,Lauren Barber
95139,Chelsea Glover
97486,Nicole Walters
95573,Craig French
97789,Rebecca Baker
95664,Gregory Graves
97823,Matthew Perez
95033,Cameron Thomas
97281,Catherine Mitchell
96866,Jessica Woods
95969,David Hodge
96204,Heather Rodgers
95382,Kim Morrow
97692,Jill Snyder
97229,Gail Clark
95063,Max Sutton
96785,Thomas Yu MD
95220,Courtney Cole
96074,Vincent Pierce
95905,Rodney Grimes
96209,Amy Cooper
95180,Sue Daugherty
95210,Chad Miranda
97294,Sharon Williams
95084,Darlene Simmons
95101,Barry Jones
96136,Pamela Lopez
97768,Peter Daniel
95717,Jason Smith
96472,Jenna Page
97992,Stephen Perkins
97153,Megan Davis
96650,Dennis Ayala
96062,Matthew Morrow
97733,Alexandra Joseph MD
97036,Alan Anderson
95827,Samantha Dickson
97682,Craig Bush
95213,Rachel Villanueva
97254,Brian Martinez
95593,Megan Johnson
97639,Samantha Nguyen
97069,Amber Aguilar
95143,Amanda Cole
96737,Heidi Mcgee
96280,Sean Jacobs
96784,Tara Brown
95992,Michael Lewis
96725,Michael Hodge
96002,Richard Williams
95328,Yolanda Hall
95126,Lynn Chang
97740,Angela Mueller
95680,Brandon Preston
96088,Laura Brandt
97807,Christine Johnson
95892,Carrie Blackwell
96907,Angela Vang
96086,Anthony Kline
97969,Shane Garner
96308,Hannah Lopez
97344,Cynthia Henson
95401,Jose Cruz
96091,William Roy
96904,Emily Johnson
97197,Jonathan Ramsey
96167,Sheri Perkins
96193,Christopher Wagner
95612,James Smith
96095,Crystal Marshall
95345,Lindsey Miller
95020,Jessica Brown
96238,Kathryn Hughes
97959,Angela Gonzales
96159,Eric Rodgers
97450,Ashley Turner
96478,Gabrielle Middleton
97777,Matthew Russo
96434,Christina Waller
96954,Nicholas Morris
97797,Lynn Jenkins
95004,Jenna Cameron
95836,Robert Mccoy
95322,Katelyn Anderson
97471,Darren Reilly
97291,Emily Hawkins DDS
97915,Ryan Lawson
95278,William Rush
96681,Timothy Maxwell
97002,Christopher Kaufman
97482,Justin Schmitt
97618,Thomas Turner
97091,Rachel Turner
96101,Patricia Owens
96580,Lisa Mitchell
95896,Michael Mills
96706,Jonathan Day
95361,Emily King
95356,James Smith
96311,Bruce Murray
97622,Antonio Jennings
96267,Peter Brown
97823,Eric Parks
96541,Brittany Bender
97551,Bryce Allen
97831,Tyler Wall
96147,Joshua Watkins
97797,Natalie Crosby
95567,Jim Cox
96491,Laura Thompson
95257,Crystal Craig
95701,Tammy Humphrey
95386,Michael Perez
97669,Megan Mcdaniel
95531,Tracy Carrillo
96339,Cheryl Adkins
96360,David Miller
95325,Danielle Davis
96436,Ashley Conley DDS
96673,Susan Meyer
97389,Natalie Gilbert
95560,Pamela Adams
97445,Kevin Rogers
95904,Mr. Joseph Morris
97042,Jason Sanders
95477,Jeffrey Vaughn
96001,Mark Hubbard
95914,Lisa Miller
95085,William Mitchell
96017,Theresa Franco
96091,Timothy Lang
95481,Cynthia Murphy
96271,Theresa Conway
96984,Ronald Shaffer
96014,Scott Hunt
95992,Ryan Morris
96800,Sandra Flores
97097,Jared Long
97404,Jeffrey Lane
95813,Dana Bowen
97280,Jacob Obrien
97843,Michael Nelson
96012,Ashley Haney
97285,Debbie Martinez
95129,Debra Medina
96836,Kathryn Cunningham
95702,Nicole Zuniga
95631,Jonathan Davis
96938,Corey Salinas
97176,Ryan Cortez
96698,Walter Wright
96871,Linda Lawrence
97487,Ryan Phillips
97864,Jason Brown
96128,Elizabeth Robinson
96430,Sarah Poole
95141,Deborah Owens
95100,Casey Thomas
95387,Blake Sanders
96925,Cheryl Stephenson
96480,Peter Hall
95017,Kayla Dickerson
97467,Richard Hall
96918,Thomas Collins
97325,Veronica Cox
95369,Sarah Graham
95989,Melvin Roberts
95316,Matthew Meyer
97792,Chad Boyd
96717,Stephanie Griffin
96255,Christy Williamson
95556,Katherine Macias
95508,Scott Keith
95492,Alicia Roberts
96452,Marie Hughes
96715,Elizabeth Montoya DVM
97245,John Gutierrez
97650,Justin Ellison
96553,Jennifer Miller
95556,Paul Miller
97724,Jamie Gonzalez
96686,Katie Gray
96752,William Cox
97256,Lydia Banks
97715,Robert Thomas
96619,Tina Smith
95455,Ruben Baker
96319,Thomas Tucker
97527,Eric Reid
97076,Brianna Stewart
96875,John Barrera
95299,Latoya Wong
96348,Ashley Williams
97767,Maria Barton
97900,Sergio Lee
96528,Joseph Parker
97598,Diana Morris
97120,Brooke Peterson
97268,Jerome Graves
97447,Karen Jimenez
96794,Carrie Mccoy
96803,Michael Barker
97326,Lisa Evans
97790,Amanda Miller
95121,Kendra Delgado
95523,Jessica Le
96952,Christopher Cruz
97070,Edward Olson
96293,Marc Joseph
96019,Anna Mcbride
95893,Jaime Hanna
97855,Matthew Nash
95190,Michael Weaver
95943,Jacob Shelton
96893,Janice Brown
95839,Joel Green
97036,Patricia Smith
95995,Kevin Diaz
96567,Angel Hall
97966,Melissa Warren
96125,Ashley Silva
97374,Thomas Warner
95193,Mrs. Kimberly Perez DVM
96651,Jason Carr
96533,Christopher Watson
95218,Renee Jones
96884,Christopher Smith
96442,Chad Paul
97841,Raymond Sutton
96682,Jason Bright
97889,Nathan Butler
95867,Cassandra Ortiz
97257,Larry Soto
95463,Zachary Castaneda
95093,David Bautista
95243,James Fleming
96510,Shaun Taylor
97107,Lynn Ellis
97748,Jasmine Thomas DDS
95889,Anthony Walton
97632,David Brooks
95394,Connie Hunt
95285,James Barrett
95193,Steven Hernandez
97509,Clifford Cantu
96276,Colton Mcdowell
96286,Nicole Adkins
95084,Jonathon Rodriguez
97193,Rebecca Figueroa
95968,Holly Carpenter
97940,Kaitlin Garner
96526,Brandy Henry
97516,Jennifer Watkins
96440,Kelly Hooper
95660,Kevin Bryan
97701,Kyle Trujillo
97688,Jerry Guzman
97093,Christopher Saunders
95725,Jason Miller
95245,Joseph Martinez
97824,Carolyn Nguyen
96405,Christina Anderson
95360,Carmen Mcdaniel
96466,Victoria Oliver
95959,James Hughes
95063,Rhonda Vincent
95496,Marissa Sullivan
96188,Randy Harris
95928,James Joseph
95509,Sarah Norman
96564,Andrew Bailey
97299,Theresa Tucker
97828,Melanie Ryan
96914,Blake Robertson
95571,Alyssa Blake
95424,Erica Escobar
96124,Christopher Patel
96223,Diana Mckenzie
97617,John Aguirre
96352,Dennis Pennington
96963,Haley Reid
96294,Spencer Wilcox
95725,David Patterson Jr.
97029,Autumn Stevens
95113,Joseph Mays
96202,Mr. Jeremiah Simmons
95457,Katrina Aguilar
96121,Michael Combs
96078,Michael Guzman
96915,Taylor Goodman
96880,Miss Brenda Lynch
97165,Leslie Arroyo
96425,Steven Wallace
97686,John Hall
95704,Lee Howell
96167,Kristin Taylor
97020,Barbara Hamilton
97619,Anthony Casey
95395,James Black
95394,Bryan Leonard
95300,Courtney Hill
97515,Mike Salazar
95216,Tyler Johnson
95406,Rebecca Russell
96860,Sarah Mcfarland DVM
97418,Benjamin Evans
97704,Thomas Yu
97235,Regina Cantrell
96379,Todd Powers
96440,Claudia Cox
96725,Mrs. Cassandra Fisher
95236,James Brown
97549,Karen Sims
97435,Kimberly Carpenter
95976,Maria Carter
97579,Melissa Miller
96899,Larry Pennington
97296,Jennifer Smith
95728,Kyle Bishop
95696,Brandon Garcia
97301,Meredith Mckinney
97516,Tamara Cruz
97727,Alexis Cain
96171,John Cummings
96503,Steven Horton
97368,Jason Waller
96212,Michael White
96025,Sara White
96153,Michael Huffman
95381,Albert Johnson
97046,Jacob Mcfarland
96901,Antonio Bradley
97830,Andrew Ramirez
96944,Sharon Dean
95281,Cindy Brown
96011,Dr. Pamela Ayers
97348,Jeffrey Park
95667,Bruce Watson
96736,Elizabeth Ferguson
97567,Philip Bridges
95965,Thomas Montgomery
97846,Suzanne Martinez
96921,Michael Smith
95954,Ashley Ramirez
96110,Amanda Evans
95058,Tina Mckee
97231,Michael Brewer
95754,Martha Banks
95233,Ryan Acosta
97895,Elizabeth Jones
96481,Sean Bell
97618,Patricia Sims
95723,Christian Perez
97037,Katie Reed
95304,Eric Brown
97624,Christina Hall
96062,Joseph Holt
95218,Nicholas English
95190,Kayla Shepherd
95912,Tammy Mcpherson
97717,Wesley Robertson
95599,Jeffery Perez
95721,Yvonne Glover
95840,Paula Goodwin
97319,Rebecca Brown
95852,Phillip Young
96969,Heather Lewis
96587,Kimberly Riley
97416,Pamela West
97648,Dr. Matthew Hall
95089,Bernard Monroe
97445,Dawn Estrada
97670,Anna Fitzgerald
96799,Kayla Mason
95837,Olivia Thomas
95148,Juan Cline
95406,Brandon Perez
97461,Gilbert Gardner
95817,Crystal Fisher
96243,Dr. Samantha Chandler
95664,Ernest Kirby
96436,Kelly Robbins
96949,Jordan Barnes
96967,Stacie Gonzalez
95308,Daniel Wright
96038,Natalie Lucas
97683,Andre Landry
95282,Victoria Moore
96131,Kevin Case
95332,David Rhodes
97670,Samantha Smith
95306,Jordan Bell
97089,Emily Fischer
95313,Michael Avila
96992,Ann Pierce
97465,Dalton Williams
97215,James Hebert
95196,April Warren
96923,Raymond Chang
97950,Adam Rios
97302,Daryl Gonzalez PhD
96415,Amanda Walker
97728,Catherine Horn
96457,Andres Mcgee
95793,David Anderson
95720,John Mccarthy
97239,Sarah Alvarez
96835,Elizabeth Willis
97761,Tyler Frederick
97466,Nina Zimmerman
95292,Haley English
96832,Carolyn Levy
97119,Michelle Butler
95026,Mary Martin
96534,Danielle Johnson
95232,Kathryn Mejia
95439,Darrell Barnett
96134,Jessica Martinez
96802,Anthony Sherman
97577,Joy Rogers
97741,Isaiah Wilson
95462,Brian Tucker
95436,Darren Warner
97335,Joseph Roth
96610,Thomas Wells
95000,Nicole Ward
97136,Leslie Barron
95511,Tiffany Jennings
95250,Kerry Walters
96512,Christine Wells
96007,Christopher Pham
97419,Michael Prince
96584,Heather Johnson
97689,William Callahan
95928,Spencer Patterson
95800,Stephen Little
96646,Jonathan Wilson
97878,Desiree Torres
95589,Andres Gardner
97105,Sharon Fisher
97454,Jennifer Pace
96061,Samuel Cruz
96034,Lauren Taylor
97835,Rebecca Barker
97658,Allison Smith
97884,Kyle Smith MD
96421,Michael Hopkins
95757,Robert Johnson
97750,Casey Small
95441,Debbie Cline
95214,Sean Mendoza
95859,Samantha Hines
96598,Matthew Wood
96984,Kevin Herring
95439,Ryan Adams
95681,Gary Christensen
96453,Stephanie Moore
97053,Karen Hunter
97772,Patrick May
96844,Michael Lucero
95110,Pamela Mccormick
97166,Eric Morales
96718,Mary Lawson
95936,Joshua Jones
95351,Donald Smith
95264,Lauren Long
96562,John Mueller
97970,Rebecca Bowman
96530,Grant Weaver
96460,Amy Smith
96988,Jessica Morgan
97632,Carol Walker
96621,Kelly Cox
95833,Jennifer Moore
97054,Brandon White
95753,Juan Mercado
95253,Megan Farley
95073,Oscar Chambers
97133,Tyler Cuevas
96905,Jonathan Craig MD
97156,Ryan Allen
97491,David Jones
97263,Michael Wilson
95255,Casey Williamson
97611,Jonathan Brown
95009,Vicki Dean
96671,Ryan Baker
97676,Jimmy Mcdowell
97878,Bethany Richards
97500,Jacqueline Wilkerson
96790,Philip Mckenzie
95229,Kathleen Patterson
97278,Lisa Ferguson
95132,Rachel Brown
97653,Kelly Peterson
96721,James Williams
97074,Anna Obrien
95481,Robert Chapman
96914,Michael Palmer
97102,Andre Drake
95798,Maria Anderson
96270,Adam Larsen
95341,Mariah Howard
95878,Brian Bradley
97498,James Crawford
96512,Gary Hernandez
95583,Alex Williams
95470,Sergio Miller
97978,Rebecca Green
97227,Diane Houston
97469,Cheryl Patterson
97603,Keith Miranda
95342,Ashley Clay
96912,Julie Salinas DDS
97428,Lisa Mullins
96597,Jennifer Cowan
97699,Gloria Johnson
97757,Wendy West MD
96639,James Barton
97757,David Brown
96247,Maria Hart
97412,Sabrina Mclaughlin
97764,Lydia Medina
95144,Mr. Sean Webb
95576,Jessica Richard
95104,Cynthia Lane
95042,Rachel Graham
95386,Jessica Thomas
96128,Wendy Cooper
96467,Daniel White
96603,Megan Jones DVM
96633,Katrina Garrison
96507,Joshua Smith
96951,Nicole Schmidt
97121,Ronald Murphy
97115,Ashley Gordon
95720,Patricia Stanton
96900,Michael Keith
96039,Marie Wright
95030,Shawna Gates
97896,Jose Long
95036,Cassandra Moore
95501,Susan Small
97390,John Morris
97378,William Myers
96652,Connie Jones
96444,Desiree Villarreal
95149,Marie Stewart
96045,Dr. Kenneth Dennis
96189,Andrew Jones
96428,James Leonard
95814,Lisa Fry
96073,Michelle Stewart
97032,William Montoya
96719,Dustin Fields
96961,Carl Jimenez
96281,Zachary Cabrera
